{
	"class_name" : "PinholeCameraParameters",
	"extrinsic" : 
	[
		0.33760308529744892,
		0.85740580463450611,
		-0.38843203134744031,
		0.0,
		0.71560634204544948,
		-0.50186833293344701,
		-0.48583509509187811,
		0.0,
		-0.61149956665722571,
		-0.11394499803702757,
		-0.78299732911445308,
		0.0,
		-0.0057755192191583926,
		0.0089596401239419865,
		0.45394673309305489,
		1.0
	],
	"intrinsic" : 
	{
		"height" : 1016,
		"intrinsic_matrix" : 
		[
			879.88181024498977,
			0.0,
			0.0,
			0.0,
			879.88181024498977,
			0.0,
			932.5,
			507.5,
			1.0
		],
		"width" : 1866
	},
	"version_major" : 1,
	"version_minor" : 0
}