{
	"class_name" : "PinholeCameraParameters",
	"extrinsic" : 
	[
		0.99255511099925009,
		-0.013046657991414013,
		-0.12109556698955469,
		0.0,
		-0.096040774819258448,
		0.52761244886764891,
		-0.84403866817344286,
		0.0,
		0.074903412481562862,
		0.84938500605740486,
		0.52243142160811806,
		0.0,
		-0.0080918269364111776,
		0.001648270972056054,
		0.26030021068964093,
		1.0
	],
	"intrinsic" : 
	{
		"height" : 1016,
		"intrinsic_matrix" : 
		[
			879.88181024498977,
			0.0,
			0.0,
			0.0,
			879.88181024498977,
			0.0,
			932.5,
			507.5,
			1.0
		],
		"width" : 1866
	},
	"version_major" : 1,
	"version_minor" : 0
}